-- phpMyAdmin SQL Dump
-- version 5.2.1
-- https://www.phpmyadmin.net/
--
-- Servidor: 127.0.0.1
-- Tiempo de generación: 07-09-2024 a las 17:00:02
-- Versión del servidor: 10.4.32-MariaDB
-- Versión de PHP: 8.2.12

SET SQL_MODE = "NO_AUTO_VALUE_ON_ZERO";
START TRANSACTION;
SET time_zone = "+00:00";


/*!40101 SET @OLD_CHARACTER_SET_CLIENT=@@CHARACTER_SET_CLIENT */;
/*!40101 SET @OLD_CHARACTER_SET_RESULTS=@@CHARACTER_SET_RESULTS */;
/*!40101 SET @OLD_COLLATION_CONNECTION=@@COLLATION_CONNECTION */;
/*!40101 SET NAMES utf8mb4 */;

--
-- Base de datos: `sistema_encuestas`
--

-- --------------------------------------------------------

--
-- Estructura de tabla para la tabla `encuestas`
--

CREATE TABLE `encuestas` (
  `id_encuesta` int(11) NOT NULL,
  `id_usuario` int(11) NOT NULL,
  `titulo` varchar(150) NOT NULL,
  `descripcion` text NOT NULL,
  `estado` tinyint(1) NOT NULL,
  `fecha_inicio` timestamp NOT NULL DEFAULT '0000-00-00 00:00:00',
  `fecha_final` timestamp NOT NULL DEFAULT '0000-00-00 00:00:00'
) ENGINE=InnoDB DEFAULT CHARSET=utf8 COLLATE=utf8_unicode_ci;

--
-- Volcado de datos para la tabla `encuestas`
--

INSERT INTO `encuestas` (`id_encuesta`, `id_usuario`, `titulo`, `descripcion`, `estado`, `fecha_inicio`, `fecha_final`) VALUES
(1, 0, 'prueba ', 'Tiempo de respuesta', 1, '2024-07-15 17:59:50', '2024-07-15 17:59:36'),
(2, 0, '1323', '6265263', 0, '2024-09-06 21:48:45', '2024-09-06 21:47:54');

-- --------------------------------------------------------

--
-- Estructura de tabla para la tabla `opciones`
--

CREATE TABLE `opciones` (
  `id_opcion` int(11) NOT NULL,
  `id_pregunta` int(11) NOT NULL,
  `valor` varchar(50) NOT NULL
) ENGINE=InnoDB DEFAULT CHARSET=utf8 COLLATE=utf8_unicode_ci;

--
-- Volcado de datos para la tabla `opciones`
--

INSERT INTO `opciones` (`id_opcion`, `id_pregunta`, `valor`) VALUES
(1, 1, 'bien'),
(2, 1, 'regular'),
(3, 1, 'malo'),
(4, 4, 'si'),
(5, 4, 'no'),
(7, 5, 'acuerdo'),
(8, 5, 'desacuerdo'),
(9, 6, 'super rápida '),
(10, 6, 'rápida'),
(11, 6, 'lenta'),
(12, 7, 'si la recomiendo '),
(13, 7, 'tal vez la recomiendo '),
(14, 7, 'no lo recomiendo ');

-- --------------------------------------------------------

--
-- Estructura de tabla para la tabla `preguntas`
--

CREATE TABLE `preguntas` (
  `id_pregunta` int(11) NOT NULL,
  `id_encuesta` int(11) NOT NULL,
  `titulo` varchar(150) NOT NULL,
  `id_tipo_pregunta` int(11) NOT NULL
) ENGINE=InnoDB DEFAULT CHARSET=utf8 COLLATE=utf8_unicode_ci;

--
-- Volcado de datos para la tabla `preguntas`
--

INSERT INTO `preguntas` (`id_pregunta`, `id_encuesta`, `titulo`, `id_tipo_pregunta`) VALUES
(1, 1, '¿Consideran que el servicio de atención es adecuado?', 1),
(4, 1, '¿Sentiste que nuestro equipo respondió con prontitud tu consulta?', 3),
(5, 1, '¿Estás de acuerdo o en desacuerdo con que tu problema fue resuelto efectivamente?', 3),
(6, 1, ' ¿Cómo fue la atención para resolver sus dudas?', 2),
(7, 1, '¿Cuál es la probabilidad de que nos recomiende con sus conocidos?', 1);

-- --------------------------------------------------------

--
-- Estructura de tabla para la tabla `resultados`
--

CREATE TABLE `resultados` (
  `id_resultado` int(11) NOT NULL,
  `id_opcion` int(11) NOT NULL
) ENGINE=InnoDB DEFAULT CHARSET=utf8 COLLATE=utf8_unicode_ci;

--
-- Volcado de datos para la tabla `resultados`
--

INSERT INTO `resultados` (`id_resultado`, `id_opcion`) VALUES
(1, 2);

-- --------------------------------------------------------

--
-- Estructura de tabla para la tabla `tipo_pregunta`
--

CREATE TABLE `tipo_pregunta` (
  `id_tipo_pregunta` int(11) NOT NULL,
  `nombre` varchar(50) NOT NULL,
  `descripcion` text NOT NULL
) ENGINE=InnoDB DEFAULT CHARSET=utf8 COLLATE=utf8_spanish2_ci;

--
-- Volcado de datos para la tabla `tipo_pregunta`
--

INSERT INTO `tipo_pregunta` (`id_tipo_pregunta`, `nombre`, `descripcion`) VALUES
(1, 'Selección múltiple', 'Se podrá escoger solo una opción\r\nelemento input type radio'),
(2, 'Desplegable', 'Se podrá escoger una opción\r\nElemento select y option'),
(3, 'Casilla de verificación', 'Se podrá escoger más de una opción\r\ninput type checkbox');

-- --------------------------------------------------------

--
-- Estructura de tabla para la tabla `tipo_usuario`
--

CREATE TABLE `tipo_usuario` (
  `id_tipo_usuario` int(11) NOT NULL,
  `nombre` varchar(100) NOT NULL
) ENGINE=InnoDB DEFAULT CHARSET=utf8 COLLATE=utf8_unicode_ci;

--
-- Volcado de datos para la tabla `tipo_usuario`
--

INSERT INTO `tipo_usuario` (`id_tipo_usuario`, `nombre`) VALUES
(1, 'Administrador'),
(2, 'Ing. Gestión Empresarial '),
(3, 'Ing. Logística'),
(4, 'Ing. Química'),
(5, 'Ing. Materiales'),
(6, 'Ing. Electromecánica');

-- --------------------------------------------------------

--
-- Estructura de tabla para la tabla `usuarios`
--

CREATE TABLE `usuarios` (
  `id_usuario` varchar(15) NOT NULL,
  `clave` varchar(50) NOT NULL,
  `nombres` varchar(50) NOT NULL,
  `apellidos` varchar(50) NOT NULL,
  `email` varchar(50) NOT NULL,
  `id_tipo_usuario` int(11) NOT NULL
) ENGINE=InnoDB DEFAULT CHARSET=utf8 COLLATE=utf8_unicode_ci;

--
-- Volcado de datos para la tabla `usuarios`
--

INSERT INTO `usuarios` (`id_usuario`, `clave`, `nombres`, `apellidos`, `email`, `id_tipo_usuario`) VALUES
('admin', '123456', 'roberto carlos ', 'reyes bautista', ' 6222110002@utdeoriental.edu.mx', 1),
('alex', '123456', 'alex', 'reyes bautista', ' 6222110002@utdeoriental.edu.mx', 3),
('robert', '123456', 'roberto carlos ', 'reyes bautista', ' 6222110002@utdeoriental.edu.mx', 2);

-- --------------------------------------------------------

--
-- Estructura de tabla para la tabla `usuarios_encuestas`
--

CREATE TABLE `usuarios_encuestas` (
  `id_usuario` varchar(15) NOT NULL,
  `id_encuesta` int(11) NOT NULL
) ENGINE=InnoDB DEFAULT CHARSET=utf8 COLLATE=utf8_unicode_ci;

--
-- Volcado de datos para la tabla `usuarios_encuestas`
--

INSERT INTO `usuarios_encuestas` (`id_usuario`, `id_encuesta`) VALUES
('robert', 1),
('alex', 1);

--
-- Índices para tablas volcadas
--

--
-- Indices de la tabla `encuestas`
--
ALTER TABLE `encuestas`
  ADD PRIMARY KEY (`id_encuesta`),
  ADD KEY `id_usuario` (`id_usuario`);

--
-- Indices de la tabla `opciones`
--
ALTER TABLE `opciones`
  ADD PRIMARY KEY (`id_opcion`),
  ADD KEY `id_pregunta` (`id_pregunta`);

--
-- Indices de la tabla `preguntas`
--
ALTER TABLE `preguntas`
  ADD PRIMARY KEY (`id_pregunta`),
  ADD KEY `id_encuesta` (`id_encuesta`),
  ADD KEY `id_tipo_pregunta` (`id_tipo_pregunta`);

--
-- Indices de la tabla `resultados`
--
ALTER TABLE `resultados`
  ADD PRIMARY KEY (`id_resultado`),
  ADD KEY `id_opcion` (`id_opcion`);

--
-- Indices de la tabla `tipo_pregunta`
--
ALTER TABLE `tipo_pregunta`
  ADD PRIMARY KEY (`id_tipo_pregunta`);

--
-- Indices de la tabla `tipo_usuario`
--
ALTER TABLE `tipo_usuario`
  ADD PRIMARY KEY (`id_tipo_usuario`);

--
-- Indices de la tabla `usuarios`
--
ALTER TABLE `usuarios`
  ADD PRIMARY KEY (`id_usuario`),
  ADD KEY `id_tipo_usuario` (`id_tipo_usuario`);

--
-- Indices de la tabla `usuarios_encuestas`
--
ALTER TABLE `usuarios_encuestas`
  ADD KEY `id_usuario` (`id_usuario`),
  ADD KEY `id_encuesta` (`id_encuesta`);

--
-- AUTO_INCREMENT de las tablas volcadas
--

--
-- AUTO_INCREMENT de la tabla `encuestas`
--
ALTER TABLE `encuestas`
  MODIFY `id_encuesta` int(11) NOT NULL AUTO_INCREMENT, AUTO_INCREMENT=3;

--
-- AUTO_INCREMENT de la tabla `opciones`
--
ALTER TABLE `opciones`
  MODIFY `id_opcion` int(11) NOT NULL AUTO_INCREMENT, AUTO_INCREMENT=15;

--
-- AUTO_INCREMENT de la tabla `preguntas`
--
ALTER TABLE `preguntas`
  MODIFY `id_pregunta` int(11) NOT NULL AUTO_INCREMENT, AUTO_INCREMENT=8;

--
-- AUTO_INCREMENT de la tabla `resultados`
--
ALTER TABLE `resultados`
  MODIFY `id_resultado` int(11) NOT NULL AUTO_INCREMENT, AUTO_INCREMENT=2;

--
-- AUTO_INCREMENT de la tabla `tipo_pregunta`
--
ALTER TABLE `tipo_pregunta`
  MODIFY `id_tipo_pregunta` int(11) NOT NULL AUTO_INCREMENT, AUTO_INCREMENT=5;

--
-- AUTO_INCREMENT de la tabla `tipo_usuario`
--
ALTER TABLE `tipo_usuario`
  MODIFY `id_tipo_usuario` int(11) NOT NULL AUTO_INCREMENT, AUTO_INCREMENT=7;

--
-- Restricciones para tablas volcadas
--

--
-- Filtros para la tabla `opciones`
--
ALTER TABLE `opciones`
  ADD CONSTRAINT `opciones_ibfk_1` FOREIGN KEY (`id_pregunta`) REFERENCES `preguntas` (`id_pregunta`) ON DELETE CASCADE ON UPDATE CASCADE;

--
-- Filtros para la tabla `preguntas`
--
ALTER TABLE `preguntas`
  ADD CONSTRAINT `preguntas_ibfk_1` FOREIGN KEY (`id_tipo_pregunta`) REFERENCES `tipo_pregunta` (`id_tipo_pregunta`) ON DELETE CASCADE ON UPDATE CASCADE,
  ADD CONSTRAINT `preguntas_ibfk_2` FOREIGN KEY (`id_encuesta`) REFERENCES `encuestas` (`id_encuesta`) ON DELETE CASCADE ON UPDATE CASCADE;

--
-- Filtros para la tabla `resultados`
--
ALTER TABLE `resultados`
  ADD CONSTRAINT `resultados_ibfk_1` FOREIGN KEY (`id_opcion`) REFERENCES `opciones` (`id_opcion`) ON DELETE CASCADE ON UPDATE CASCADE;

--
-- Filtros para la tabla `usuarios`
--
ALTER TABLE `usuarios`
  ADD CONSTRAINT `usuarios_ibfk_1` FOREIGN KEY (`id_tipo_usuario`) REFERENCES `tipo_usuario` (`id_tipo_usuario`) ON DELETE CASCADE ON UPDATE CASCADE;

--
-- Filtros para la tabla `usuarios_encuestas`
--
ALTER TABLE `usuarios_encuestas`
  ADD CONSTRAINT `usuarios_encuestas_ibfk_1` FOREIGN KEY (`id_usuario`) REFERENCES `usuarios` (`id_usuario`) ON DELETE CASCADE ON UPDATE CASCADE,
  ADD CONSTRAINT `usuarios_encuestas_ibfk_2` FOREIGN KEY (`id_encuesta`) REFERENCES `encuestas` (`id_encuesta`) ON DELETE CASCADE ON UPDATE CASCADE;
COMMIT;

/*!40101 SET CHARACTER_SET_CLIENT=@OLD_CHARACTER_SET_CLIENT */;
/*!40101 SET CHARACTER_SET_RESULTS=@OLD_CHARACTER_SET_RESULTS */;
/*!40101 SET COLLATION_CONNECTION=@OLD_COLLATION_CONNECTION */;
